{"cameraMode":{"drawMode":0,"name":"Shaded","section":"Shading Mode"},"sceneLighting":false,"audioPlay":false,"sceneViewState":{"m_AlwaysRefresh":false,"showFog":true,"showSkybox":false,"showFlares":true,"showImageEffects":true,"showParticleSystems":true,"showVisualEffectGraphs":true,"m_FxEnabled":true},"in2DMode":false,"pivot":{"x":1.4600000381469727,"y":0.4099999666213989,"z":0.009999997913837433},"rotation":{"x":-0.2713410258293152,"y":0.012126061134040356,"z":-0.003417652565985918,"w":-0.9623992443084717},"size":0.4330126941204071,"orthographic":false}